{"cover_group_items"
:[{"expanded":false,"Exclusion Rule Type":"None","UNR":"none","title":"cvg::func","All Average Grd":"100%","All Cov":"119 / 119 (100%)","Enclosing Entity":"$unit","Source":"    covergroup func;"
,"subitems":[{"expanded":false,"Exclusion Rule Type":"None","UNR":"none","title":"addr","At Least":"1","All Average Grd":"100%","All Cov":"33 / 33 (100%)","Source":"        addr: coverpoint tr.paddr {"
,"subitems":[{"expanded":false,"Exclusion Rule Type":"None","UNR":"none","title":"valid[0]","All Average Grd":"100%","All Cov":"1 / 1 (100%)","Score":"2","At Least":"1","Source":"            bins valid[] = {[0 : 31]}; bins invalid = {[32 : $]};"}
,{"expanded":false,"Exclusion Rule Type":"None","UNR":"none","title":"valid[1]","All Average Grd":"100%","All Cov":"1 / 1 (100%)","Score":"2","At Least":"1","Source":"            bins valid[] = {[0 : 31]}; bins invalid = {[32 : $]};"}
,{"expanded":false,"Exclusion Rule Type":"None","UNR":"none","title":"valid[2]","All Average Grd":"100%","All Cov":"1 / 1 (100%)","Score":"2","At Least":"1","Source":"            bins valid[] = {[0 : 31]}; bins invalid = {[32 : $]};"}
,{"expanded":false,"Exclusion Rule Type":"None","UNR":"none","title":"valid[3]","All Average Grd":"100%","All Cov":"1 / 1 (100%)","Score":"2","At Least":"1","Source":"            bins valid[] = {[0 : 31]}; bins invalid = {[32 : $]};"}
,{"expanded":false,"Exclusion Rule Type":"None","UNR":"none","title":"valid[4]","All Average Grd":"100%","All Cov":"1 / 1 (100%)","Score":"2","At Least":"1","Source":"            bins valid[] = {[0 : 31]}; bins invalid = {[32 : $]};"}
,{"expanded":false,"Exclusion Rule Type":"None","UNR":"none","title":"valid[5]","All Average Grd":"100%","All Cov":"1 / 1 (100%)","Score":"2","At Least":"1","Source":"            bins valid[] = {[0 : 31]}; bins invalid = {[32 : $]};"}
,{"expanded":false,"Exclusion Rule Type":"None","UNR":"none","title":"valid[6]","All Average Grd":"100%","All Cov":"1 / 1 (100%)","Score":"2","At Least":"1","Source":"            bins valid[] = {[0 : 31]}; bins invalid = {[32 : $]};"}
,{"expanded":false,"Exclusion Rule Type":"None","UNR":"none","title":"valid[7]","All Average Grd":"100%","All Cov":"1 / 1 (100%)","Score":"2","At Least":"1","Source":"            bins valid[] = {[0 : 31]}; bins invalid = {[32 : $]};"}
,{"expanded":false,"Exclusion Rule Type":"None","UNR":"none","title":"valid[8]","All Average Grd":"100%","All Cov":"1 / 1 (100%)","Score":"2","At Least":"1","Source":"            bins valid[] = {[0 : 31]}; bins invalid = {[32 : $]};"}
,{"expanded":false,"Exclusion Rule Type":"None","UNR":"none","title":"valid[9]","All Average Grd":"100%","All Cov":"1 / 1 (100%)","Score":"2","At Least":"1","Source":"            bins valid[] = {[0 : 31]}; bins invalid = {[32 : $]};"}
,{"expanded":false,"Exclusion Rule Type":"None","UNR":"none","title":"valid[10]","All Average Grd":"100%","All Cov":"1 / 1 (100%)","Score":"2","At Least":"1","Source":"            bins valid[] = {[0 : 31]}; bins invalid = {[32 : $]};"}
,{"expanded":false,"Exclusion Rule Type":"None","UNR":"none","title":"valid[11]","All Average Grd":"100%","All Cov":"1 / 1 (100%)","Score":"2","At Least":"1","Source":"            bins valid[] = {[0 : 31]}; bins invalid = {[32 : $]};"}
,{"expanded":false,"Exclusion Rule Type":"None","UNR":"none","title":"valid[12]","All Average Grd":"100%","All Cov":"1 / 1 (100%)","Score":"2","At Least":"1","Source":"            bins valid[] = {[0 : 31]}; bins invalid = {[32 : $]};"}
,{"expanded":false,"Exclusion Rule Type":"None","UNR":"none","title":"valid[13]","All Average Grd":"100%","All Cov":"1 / 1 (100%)","Score":"2","At Least":"1","Source":"            bins valid[] = {[0 : 31]}; bins invalid = {[32 : $]};"}
,{"expanded":false,"Exclusion Rule Type":"None","UNR":"none","title":"valid[14]","All Average Grd":"100%","All Cov":"1 / 1 (100%)","Score":"2","At Least":"1","Source":"            bins valid[] = {[0 : 31]}; bins invalid = {[32 : $]};"}
,{"expanded":false,"Exclusion Rule Type":"None","UNR":"none","title":"valid[15]","All Average Grd":"100%","All Cov":"1 / 1 (100%)","Score":"2","At Least":"1","Source":"            bins valid[] = {[0 : 31]}; bins invalid = {[32 : $]};"}
,{"expanded":false,"Exclusion Rule Type":"None","UNR":"none","title":"valid[16]","All Average Grd":"100%","All Cov":"1 / 1 (100%)","Score":"2","At Least":"1","Source":"            bins valid[] = {[0 : 31]}; bins invalid = {[32 : $]};"}
,{"expanded":false,"Exclusion Rule Type":"None","UNR":"none","title":"valid[17]","All Average Grd":"100%","All Cov":"1 / 1 (100%)","Score":"2","At Least":"1","Source":"            bins valid[] = {[0 : 31]}; bins invalid = {[32 : $]};"}
,{"expanded":false,"Exclusion Rule Type":"None","UNR":"none","title":"valid[18]","All Average Grd":"100%","All Cov":"1 / 1 (100%)","Score":"2","At Least":"1","Source":"            bins valid[] = {[0 : 31]}; bins invalid = {[32 : $]};"}
,{"expanded":false,"Exclusion Rule Type":"None","UNR":"none","title":"valid[19]","All Average Grd":"100%","All Cov":"1 / 1 (100%)","Score":"2","At Least":"1","Source":"            bins valid[] = {[0 : 31]}; bins invalid = {[32 : $]};"}
,{"expanded":false,"Exclusion Rule Type":"None","UNR":"none","title":"valid[20]","All Average Grd":"100%","All Cov":"1 / 1 (100%)","Score":"2","At Least":"1","Source":"            bins valid[] = {[0 : 31]}; bins invalid = {[32 : $]};"}
,{"expanded":false,"Exclusion Rule Type":"None","UNR":"none","title":"valid[21]","All Average Grd":"100%","All Cov":"1 / 1 (100%)","Score":"2","At Least":"1","Source":"            bins valid[] = {[0 : 31]}; bins invalid = {[32 : $]};"}
,{"expanded":false,"Exclusion Rule Type":"None","UNR":"none","title":"valid[22]","All Average Grd":"100%","All Cov":"1 / 1 (100%)","Score":"2","At Least":"1","Source":"            bins valid[] = {[0 : 31]}; bins invalid = {[32 : $]};"}
,{"expanded":false,"Exclusion Rule Type":"None","UNR":"none","title":"valid[23]","All Average Grd":"100%","All Cov":"1 / 1 (100%)","Score":"2","At Least":"1","Source":"            bins valid[] = {[0 : 31]}; bins invalid = {[32 : $]};"}
,{"expanded":false,"Exclusion Rule Type":"None","UNR":"none","title":"valid[24]","All Average Grd":"100%","All Cov":"1 / 1 (100%)","Score":"2","At Least":"1","Source":"            bins valid[] = {[0 : 31]}; bins invalid = {[32 : $]};"}
,{"expanded":false,"Exclusion Rule Type":"None","UNR":"none","title":"valid[25]","All Average Grd":"100%","All Cov":"1 / 1 (100%)","Score":"2","At Least":"1","Source":"            bins valid[] = {[0 : 31]}; bins invalid = {[32 : $]};"}
,{"expanded":false,"Exclusion Rule Type":"None","UNR":"none","title":"valid[26]","All Average Grd":"100%","All Cov":"1 / 1 (100%)","Score":"2","At Least":"1","Source":"            bins valid[] = {[0 : 31]}; bins invalid = {[32 : $]};"}
,{"expanded":false,"Exclusion Rule Type":"None","UNR":"none","title":"valid[27]","All Average Grd":"100%","All Cov":"1 / 1 (100%)","Score":"2","At Least":"1","Source":"            bins valid[] = {[0 : 31]}; bins invalid = {[32 : $]};"}
,{"expanded":false,"Exclusion Rule Type":"None","UNR":"none","title":"valid[28]","All Average Grd":"100%","All Cov":"1 / 1 (100%)","Score":"2","At Least":"1","Source":"            bins valid[] = {[0 : 31]}; bins invalid = {[32 : $]};"}
,{"expanded":false,"Exclusion Rule Type":"None","UNR":"none","title":"valid[29]","All Average Grd":"100%","All Cov":"1 / 1 (100%)","Score":"2","At Least":"1","Source":"            bins valid[] = {[0 : 31]}; bins invalid = {[32 : $]};"}
,{"expanded":false,"Exclusion Rule Type":"None","UNR":"none","title":"valid[30]","All Average Grd":"100%","All Cov":"1 / 1 (100%)","Score":"2","At Least":"1","Source":"            bins valid[] = {[0 : 31]}; bins invalid = {[32 : $]};"}
,{"expanded":false,"Exclusion Rule Type":"None","UNR":"none","title":"valid[31]","All Average Grd":"100%","All Cov":"1 / 1 (100%)","Score":"2","At Least":"1","Source":"            bins valid[] = {[0 : 31]}; bins invalid = {[32 : $]};"}
,{"expanded":false,"Exclusion Rule Type":"None","UNR":"none","title":"invalid","All Average Grd":"100%","All Cov":"1 / 1 (100%)","Score":"2","At Least":"1","Source":"            bins valid[] = {[0 : 31]}; bins invalid = {[32 : $]};"}
],"columns":""}
,{"expanded":false,"Exclusion Rule Type":"None","UNR":"none","title":"din","At Least":"1","All Average Grd":"100%","All Cov":"8 / 8 (100%)","Source":"        din: coverpoint tr.pwdata;"
,"subitems":[{"expanded":false,"Exclusion Rule Type":"None","UNR":"none","title":"auto[0:536870911]","All Average Grd":"100%","All Cov":"1 / 1 (100%)","Score":"10","At Least":"1","Source":"        din: coverpoint tr.pwdata;"}
,{"expanded":false,"Exclusion Rule Type":"None","UNR":"none","title":"auto[536870912:1073741823]","All Average Grd":"100%","All Cov":"1 / 1 (100%)","Score":"8","At Least":"1","Source":"        din: coverpoint tr.pwdata;"}
,{"expanded":false,"Exclusion Rule Type":"None","UNR":"none","title":"auto[1073741824:1610612735]","All Average Grd":"100%","All Cov":"1 / 1 (100%)","Score":"4","At Least":"1","Source":"        din: coverpoint tr.pwdata;"}
,{"expanded":false,"Exclusion Rule Type":"None","UNR":"none","title":"auto[1610612736:2147483647]","All Average Grd":"100%","All Cov":"1 / 1 (100%)","Score":"7","At Least":"1","Source":"        din: coverpoint tr.pwdata;"}
,{"expanded":false,"Exclusion Rule Type":"None","UNR":"none","title":"auto[2147483648:2684354559]","All Average Grd":"100%","All Cov":"1 / 1 (100%)","Score":"10","At Least":"1","Source":"        din: coverpoint tr.pwdata;"}
,{"expanded":false,"Exclusion Rule Type":"None","UNR":"none","title":"auto[2684354560:3221225471]","All Average Grd":"100%","All Cov":"1 / 1 (100%)","Score":"7","At Least":"1","Source":"        din: coverpoint tr.pwdata;"}
,{"expanded":false,"Exclusion Rule Type":"None","UNR":"none","title":"auto[3221225472:3758096383]","All Average Grd":"100%","All Cov":"1 / 1 (100%)","Score":"10","At Least":"1","Source":"        din: coverpoint tr.pwdata;"}
,{"expanded":false,"Exclusion Rule Type":"None","UNR":"none","title":"auto[3758096384:4294967295]","All Average Grd":"100%","All Cov":"1 / 1 (100%)","Score":"10","At Least":"1","Source":"        din: coverpoint tr.pwdata;"}
],"columns":""}
,{"expanded":false,"Exclusion Rule Type":"None","UNR":"none","title":"dout","At Least":"1","All Average Grd":"100%","All Cov":"8 / 8 (100%)","Source":"        dout: coverpoint tr.prdata;"
,"subitems":[{"expanded":false,"Exclusion Rule Type":"None","UNR":"none","title":"auto[0:536870911]","All Average Grd":"100%","All Cov":"1 / 1 (100%)","Score":"8","At Least":"1","Source":"        dout: coverpoint tr.prdata;"}
,{"expanded":false,"Exclusion Rule Type":"None","UNR":"none","title":"auto[536870912:1073741823]","All Average Grd":"100%","All Cov":"1 / 1 (100%)","Score":"6","At Least":"1","Source":"        dout: coverpoint tr.prdata;"}
,{"expanded":false,"Exclusion Rule Type":"None","UNR":"none","title":"auto[1073741824:1610612735]","All Average Grd":"100%","All Cov":"1 / 1 (100%)","Score":"3","At Least":"1","Source":"        dout: coverpoint tr.prdata;"}
,{"expanded":false,"Exclusion Rule Type":"None","UNR":"none","title":"auto[1610612736:2147483647]","All Average Grd":"100%","All Cov":"1 / 1 (100%)","Score":"14","At Least":"1","Source":"        dout: coverpoint tr.prdata;"}
,{"expanded":false,"Exclusion Rule Type":"None","UNR":"none","title":"auto[2147483648:2684354559]","All Average Grd":"100%","All Cov":"1 / 1 (100%)","Score":"8","At Least":"1","Source":"        dout: coverpoint tr.prdata;"}
,{"expanded":false,"Exclusion Rule Type":"None","UNR":"none","title":"auto[2684354560:3221225471]","All Average Grd":"100%","All Cov":"1 / 1 (100%)","Score":"6","At Least":"1","Source":"        dout: coverpoint tr.prdata;"}
,{"expanded":false,"Exclusion Rule Type":"None","UNR":"none","title":"auto[3221225472:3758096383]","All Average Grd":"100%","All Cov":"1 / 1 (100%)","Score":"10","At Least":"1","Source":"        dout: coverpoint tr.prdata;"}
,{"expanded":false,"Exclusion Rule Type":"None","UNR":"none","title":"auto[3758096384:4294967295]","All Average Grd":"100%","All Cov":"1 / 1 (100%)","Score":"10","At Least":"1","Source":"        dout: coverpoint tr.prdata;"}
],"columns":""}
,{"expanded":false,"Exclusion Rule Type":"None","UNR":"none","title":"r_w","At Least":"1","All Average Grd":"100%","All Cov":"2 / 2 (100%)","Source":"        r_w: coverpoint tr.pwrite {bins read = {0}; bins write = {1};}"
,"subitems":[{"expanded":false,"Exclusion Rule Type":"None","UNR":"none","title":"read","All Average Grd":"100%","All Cov":"1 / 1 (100%)","Score":"33","At Least":"1","Source":"        r_w: coverpoint tr.pwrite {bins read = {0}; bins write = {1};}"}
,{"expanded":false,"Exclusion Rule Type":"None","UNR":"none","title":"write","All Average Grd":"100%","All Cov":"1 / 1 (100%)","Score":"33","At Least":"1","Source":"        r_w: coverpoint tr.pwrite {bins read = {0}; bins write = {1};}"}
],"columns":""}
,{"expanded":false,"Exclusion Rule Type":"None","UNR":"none","title":"error","At Least":"1","All Average Grd":"100%","All Cov":"2 / 2 (100%)","Source":"        error: coverpoint tr.pslverr;"
,"subitems":[{"expanded":false,"Exclusion Rule Type":"None","UNR":"none","title":"auto[0]","All Average Grd":"100%","All Cov":"1 / 1 (100%)","Score":"64","At Least":"1","Source":"        error: coverpoint tr.pslverr;"}
,{"expanded":false,"Exclusion Rule Type":"None","UNR":"none","title":"auto[1]","All Average Grd":"100%","All Cov":"1 / 1 (100%)","Score":"2","At Least":"1","Source":"        error: coverpoint tr.pslverr;"}
],"columns":""}
,{"expanded":false,"Exclusion Rule Type":"None","UNR":"none","title":"read_all","At Least":"1","All Average Grd":"100%","All Cov":"33 / 33 (100%)","Source":"        read_all: cross r_w, addr{ignore_bins write = binsof (r_w.write);}"
,"subitems":[{"expanded":false,"Exclusion Rule Type":"None","UNR":"none","title":"read;valid[0]","All Average Grd":"100%","All Cov":"1 / 1 (100%)","Score":"1","At Least":"1","Source":"        read_all: cross r_w, addr{ignore_bins write = binsof (r_w.write);}"}
,{"expanded":false,"Exclusion Rule Type":"None","UNR":"none","title":"read;valid[1]","All Average Grd":"100%","All Cov":"1 / 1 (100%)","Score":"1","At Least":"1","Source":"        read_all: cross r_w, addr{ignore_bins write = binsof (r_w.write);}"}
,{"expanded":false,"Exclusion Rule Type":"None","UNR":"none","title":"read;valid[2]","All Average Grd":"100%","All Cov":"1 / 1 (100%)","Score":"1","At Least":"1","Source":"        read_all: cross r_w, addr{ignore_bins write = binsof (r_w.write);}"}
,{"expanded":false,"Exclusion Rule Type":"None","UNR":"none","title":"read;valid[3]","All Average Grd":"100%","All Cov":"1 / 1 (100%)","Score":"1","At Least":"1","Source":"        read_all: cross r_w, addr{ignore_bins write = binsof (r_w.write);}"}
,{"expanded":false,"Exclusion Rule Type":"None","UNR":"none","title":"read;valid[4]","All Average Grd":"100%","All Cov":"1 / 1 (100%)","Score":"1","At Least":"1","Source":"        read_all: cross r_w, addr{ignore_bins write = binsof (r_w.write);}"}
,{"expanded":false,"Exclusion Rule Type":"None","UNR":"none","title":"read;valid[5]","All Average Grd":"100%","All Cov":"1 / 1 (100%)","Score":"1","At Least":"1","Source":"        read_all: cross r_w, addr{ignore_bins write = binsof (r_w.write);}"}
,{"expanded":false,"Exclusion Rule Type":"None","UNR":"none","title":"read;valid[6]","All Average Grd":"100%","All Cov":"1 / 1 (100%)","Score":"1","At Least":"1","Source":"        read_all: cross r_w, addr{ignore_bins write = binsof (r_w.write);}"}
,{"expanded":false,"Exclusion Rule Type":"None","UNR":"none","title":"read;valid[7]","All Average Grd":"100%","All Cov":"1 / 1 (100%)","Score":"1","At Least":"1","Source":"        read_all: cross r_w, addr{ignore_bins write = binsof (r_w.write);}"}
,{"expanded":false,"Exclusion Rule Type":"None","UNR":"none","title":"read;valid[8]","All Average Grd":"100%","All Cov":"1 / 1 (100%)","Score":"1","At Least":"1","Source":"        read_all: cross r_w, addr{ignore_bins write = binsof (r_w.write);}"}
,{"expanded":false,"Exclusion Rule Type":"None","UNR":"none","title":"read;valid[9]","All Average Grd":"100%","All Cov":"1 / 1 (100%)","Score":"1","At Least":"1","Source":"        read_all: cross r_w, addr{ignore_bins write = binsof (r_w.write);}"}
,{"expanded":false,"Exclusion Rule Type":"None","UNR":"none","title":"read;valid[10]","All Average Grd":"100%","All Cov":"1 / 1 (100%)","Score":"1","At Least":"1","Source":"        read_all: cross r_w, addr{ignore_bins write = binsof (r_w.write);}"}
,{"expanded":false,"Exclusion Rule Type":"None","UNR":"none","title":"read;valid[11]","All Average Grd":"100%","All Cov":"1 / 1 (100%)","Score":"1","At Least":"1","Source":"        read_all: cross r_w, addr{ignore_bins write = binsof (r_w.write);}"}
,{"expanded":false,"Exclusion Rule Type":"None","UNR":"none","title":"read;valid[12]","All Average Grd":"100%","All Cov":"1 / 1 (100%)","Score":"1","At Least":"1","Source":"        read_all: cross r_w, addr{ignore_bins write = binsof (r_w.write);}"}
,{"expanded":false,"Exclusion Rule Type":"None","UNR":"none","title":"read;valid[13]","All Average Grd":"100%","All Cov":"1 / 1 (100%)","Score":"1","At Least":"1","Source":"        read_all: cross r_w, addr{ignore_bins write = binsof (r_w.write);}"}
,{"expanded":false,"Exclusion Rule Type":"None","UNR":"none","title":"read;valid[14]","All Average Grd":"100%","All Cov":"1 / 1 (100%)","Score":"1","At Least":"1","Source":"        read_all: cross r_w, addr{ignore_bins write = binsof (r_w.write);}"}
,{"expanded":false,"Exclusion Rule Type":"None","UNR":"none","title":"read;valid[15]","All Average Grd":"100%","All Cov":"1 / 1 (100%)","Score":"1","At Least":"1","Source":"        read_all: cross r_w, addr{ignore_bins write = binsof (r_w.write);}"}
,{"expanded":false,"Exclusion Rule Type":"None","UNR":"none","title":"read;valid[16]","All Average Grd":"100%","All Cov":"1 / 1 (100%)","Score":"1","At Least":"1","Source":"        read_all: cross r_w, addr{ignore_bins write = binsof (r_w.write);}"}
,{"expanded":false,"Exclusion Rule Type":"None","UNR":"none","title":"read;valid[17]","All Average Grd":"100%","All Cov":"1 / 1 (100%)","Score":"1","At Least":"1","Source":"        read_all: cross r_w, addr{ignore_bins write = binsof (r_w.write);}"}
,{"expanded":false,"Exclusion Rule Type":"None","UNR":"none","title":"read;valid[18]","All Average Grd":"100%","All Cov":"1 / 1 (100%)","Score":"1","At Least":"1","Source":"        read_all: cross r_w, addr{ignore_bins write = binsof (r_w.write);}"}
,{"expanded":false,"Exclusion Rule Type":"None","UNR":"none","title":"read;valid[19]","All Average Grd":"100%","All Cov":"1 / 1 (100%)","Score":"1","At Least":"1","Source":"        read_all: cross r_w, addr{ignore_bins write = binsof (r_w.write);}"}
,{"expanded":false,"Exclusion Rule Type":"None","UNR":"none","title":"read;valid[20]","All Average Grd":"100%","All Cov":"1 / 1 (100%)","Score":"1","At Least":"1","Source":"        read_all: cross r_w, addr{ignore_bins write = binsof (r_w.write);}"}
,{"expanded":false,"Exclusion Rule Type":"None","UNR":"none","title":"read;valid[21]","All Average Grd":"100%","All Cov":"1 / 1 (100%)","Score":"1","At Least":"1","Source":"        read_all: cross r_w, addr{ignore_bins write = binsof (r_w.write);}"}
,{"expanded":false,"Exclusion Rule Type":"None","UNR":"none","title":"read;valid[22]","All Average Grd":"100%","All Cov":"1 / 1 (100%)","Score":"1","At Least":"1","Source":"        read_all: cross r_w, addr{ignore_bins write = binsof (r_w.write);}"}
,{"expanded":false,"Exclusion Rule Type":"None","UNR":"none","title":"read;valid[23]","All Average Grd":"100%","All Cov":"1 / 1 (100%)","Score":"1","At Least":"1","Source":"        read_all: cross r_w, addr{ignore_bins write = binsof (r_w.write);}"}
,{"expanded":false,"Exclusion Rule Type":"None","UNR":"none","title":"read;valid[24]","All Average Grd":"100%","All Cov":"1 / 1 (100%)","Score":"1","At Least":"1","Source":"        read_all: cross r_w, addr{ignore_bins write = binsof (r_w.write);}"}
,{"expanded":false,"Exclusion Rule Type":"None","UNR":"none","title":"read;valid[25]","All Average Grd":"100%","All Cov":"1 / 1 (100%)","Score":"1","At Least":"1","Source":"        read_all: cross r_w, addr{ignore_bins write = binsof (r_w.write);}"}
,{"expanded":false,"Exclusion Rule Type":"None","UNR":"none","title":"read;valid[26]","All Average Grd":"100%","All Cov":"1 / 1 (100%)","Score":"1","At Least":"1","Source":"        read_all: cross r_w, addr{ignore_bins write = binsof (r_w.write);}"}
,{"expanded":false,"Exclusion Rule Type":"None","UNR":"none","title":"read;valid[27]","All Average Grd":"100%","All Cov":"1 / 1 (100%)","Score":"1","At Least":"1","Source":"        read_all: cross r_w, addr{ignore_bins write = binsof (r_w.write);}"}
,{"expanded":false,"Exclusion Rule Type":"None","UNR":"none","title":"read;valid[28]","All Average Grd":"100%","All Cov":"1 / 1 (100%)","Score":"1","At Least":"1","Source":"        read_all: cross r_w, addr{ignore_bins write = binsof (r_w.write);}"}
,{"expanded":false,"Exclusion Rule Type":"None","UNR":"none","title":"read;valid[29]","All Average Grd":"100%","All Cov":"1 / 1 (100%)","Score":"1","At Least":"1","Source":"        read_all: cross r_w, addr{ignore_bins write = binsof (r_w.write);}"}
,{"expanded":false,"Exclusion Rule Type":"None","UNR":"none","title":"read;valid[30]","All Average Grd":"100%","All Cov":"1 / 1 (100%)","Score":"1","At Least":"1","Source":"        read_all: cross r_w, addr{ignore_bins write = binsof (r_w.write);}"}
,{"expanded":false,"Exclusion Rule Type":"None","UNR":"none","title":"read;valid[31]","All Average Grd":"100%","All Cov":"1 / 1 (100%)","Score":"1","At Least":"1","Source":"        read_all: cross r_w, addr{ignore_bins write = binsof (r_w.write);}"}
,{"expanded":false,"Exclusion Rule Type":"None","UNR":"none","title":"read;invalid","All Average Grd":"100%","All Cov":"1 / 1 (100%)","Score":"1","At Least":"1","Source":"        read_all: cross r_w, addr{ignore_bins write = binsof (r_w.write);}"}
],"columns":"r_w;addr"}
,{"expanded":false,"Exclusion Rule Type":"None","UNR":"none","title":"write_all","At Least":"1","All Average Grd":"100%","All Cov":"33 / 33 (100%)","Source":"        write_all: cross r_w, addr{ignore_bins read = binsof (r_w.read);}"
,"subitems":[{"expanded":false,"Exclusion Rule Type":"None","UNR":"none","title":"write;valid[0]","All Average Grd":"100%","All Cov":"1 / 1 (100%)","Score":"1","At Least":"1","Source":"        write_all: cross r_w, addr{ignore_bins read = binsof (r_w.read);}"}
,{"expanded":false,"Exclusion Rule Type":"None","UNR":"none","title":"write;valid[1]","All Average Grd":"100%","All Cov":"1 / 1 (100%)","Score":"1","At Least":"1","Source":"        write_all: cross r_w, addr{ignore_bins read = binsof (r_w.read);}"}
,{"expanded":false,"Exclusion Rule Type":"None","UNR":"none","title":"write;valid[2]","All Average Grd":"100%","All Cov":"1 / 1 (100%)","Score":"1","At Least":"1","Source":"        write_all: cross r_w, addr{ignore_bins read = binsof (r_w.read);}"}
,{"expanded":false,"Exclusion Rule Type":"None","UNR":"none","title":"write;valid[3]","All Average Grd":"100%","All Cov":"1 / 1 (100%)","Score":"1","At Least":"1","Source":"        write_all: cross r_w, addr{ignore_bins read = binsof (r_w.read);}"}
,{"expanded":false,"Exclusion Rule Type":"None","UNR":"none","title":"write;valid[4]","All Average Grd":"100%","All Cov":"1 / 1 (100%)","Score":"1","At Least":"1","Source":"        write_all: cross r_w, addr{ignore_bins read = binsof (r_w.read);}"}
,{"expanded":false,"Exclusion Rule Type":"None","UNR":"none","title":"write;valid[5]","All Average Grd":"100%","All Cov":"1 / 1 (100%)","Score":"1","At Least":"1","Source":"        write_all: cross r_w, addr{ignore_bins read = binsof (r_w.read);}"}
,{"expanded":false,"Exclusion Rule Type":"None","UNR":"none","title":"write;valid[6]","All Average Grd":"100%","All Cov":"1 / 1 (100%)","Score":"1","At Least":"1","Source":"        write_all: cross r_w, addr{ignore_bins read = binsof (r_w.read);}"}
,{"expanded":false,"Exclusion Rule Type":"None","UNR":"none","title":"write;valid[7]","All Average Grd":"100%","All Cov":"1 / 1 (100%)","Score":"1","At Least":"1","Source":"        write_all: cross r_w, addr{ignore_bins read = binsof (r_w.read);}"}
,{"expanded":false,"Exclusion Rule Type":"None","UNR":"none","title":"write;valid[8]","All Average Grd":"100%","All Cov":"1 / 1 (100%)","Score":"1","At Least":"1","Source":"        write_all: cross r_w, addr{ignore_bins read = binsof (r_w.read);}"}
,{"expanded":false,"Exclusion Rule Type":"None","UNR":"none","title":"write;valid[9]","All Average Grd":"100%","All Cov":"1 / 1 (100%)","Score":"1","At Least":"1","Source":"        write_all: cross r_w, addr{ignore_bins read = binsof (r_w.read);}"}
,{"expanded":false,"Exclusion Rule Type":"None","UNR":"none","title":"write;valid[10]","All Average Grd":"100%","All Cov":"1 / 1 (100%)","Score":"1","At Least":"1","Source":"        write_all: cross r_w, addr{ignore_bins read = binsof (r_w.read);}"}
,{"expanded":false,"Exclusion Rule Type":"None","UNR":"none","title":"write;valid[11]","All Average Grd":"100%","All Cov":"1 / 1 (100%)","Score":"1","At Least":"1","Source":"        write_all: cross r_w, addr{ignore_bins read = binsof (r_w.read);}"}
,{"expanded":false,"Exclusion Rule Type":"None","UNR":"none","title":"write;valid[12]","All Average Grd":"100%","All Cov":"1 / 1 (100%)","Score":"1","At Least":"1","Source":"        write_all: cross r_w, addr{ignore_bins read = binsof (r_w.read);}"}
,{"expanded":false,"Exclusion Rule Type":"None","UNR":"none","title":"write;valid[13]","All Average Grd":"100%","All Cov":"1 / 1 (100%)","Score":"1","At Least":"1","Source":"        write_all: cross r_w, addr{ignore_bins read = binsof (r_w.read);}"}
,{"expanded":false,"Exclusion Rule Type":"None","UNR":"none","title":"write;valid[14]","All Average Grd":"100%","All Cov":"1 / 1 (100%)","Score":"1","At Least":"1","Source":"        write_all: cross r_w, addr{ignore_bins read = binsof (r_w.read);}"}
,{"expanded":false,"Exclusion Rule Type":"None","UNR":"none","title":"write;valid[15]","All Average Grd":"100%","All Cov":"1 / 1 (100%)","Score":"1","At Least":"1","Source":"        write_all: cross r_w, addr{ignore_bins read = binsof (r_w.read);}"}
,{"expanded":false,"Exclusion Rule Type":"None","UNR":"none","title":"write;valid[16]","All Average Grd":"100%","All Cov":"1 / 1 (100%)","Score":"1","At Least":"1","Source":"        write_all: cross r_w, addr{ignore_bins read = binsof (r_w.read);}"}
,{"expanded":false,"Exclusion Rule Type":"None","UNR":"none","title":"write;valid[17]","All Average Grd":"100%","All Cov":"1 / 1 (100%)","Score":"1","At Least":"1","Source":"        write_all: cross r_w, addr{ignore_bins read = binsof (r_w.read);}"}
,{"expanded":false,"Exclusion Rule Type":"None","UNR":"none","title":"write;valid[18]","All Average Grd":"100%","All Cov":"1 / 1 (100%)","Score":"1","At Least":"1","Source":"        write_all: cross r_w, addr{ignore_bins read = binsof (r_w.read);}"}
,{"expanded":false,"Exclusion Rule Type":"None","UNR":"none","title":"write;valid[19]","All Average Grd":"100%","All Cov":"1 / 1 (100%)","Score":"1","At Least":"1","Source":"        write_all: cross r_w, addr{ignore_bins read = binsof (r_w.read);}"}
,{"expanded":false,"Exclusion Rule Type":"None","UNR":"none","title":"write;valid[20]","All Average Grd":"100%","All Cov":"1 / 1 (100%)","Score":"1","At Least":"1","Source":"        write_all: cross r_w, addr{ignore_bins read = binsof (r_w.read);}"}
,{"expanded":false,"Exclusion Rule Type":"None","UNR":"none","title":"write;valid[21]","All Average Grd":"100%","All Cov":"1 / 1 (100%)","Score":"1","At Least":"1","Source":"        write_all: cross r_w, addr{ignore_bins read = binsof (r_w.read);}"}
,{"expanded":false,"Exclusion Rule Type":"None","UNR":"none","title":"write;valid[22]","All Average Grd":"100%","All Cov":"1 / 1 (100%)","Score":"1","At Least":"1","Source":"        write_all: cross r_w, addr{ignore_bins read = binsof (r_w.read);}"}
,{"expanded":false,"Exclusion Rule Type":"None","UNR":"none","title":"write;valid[23]","All Average Grd":"100%","All Cov":"1 / 1 (100%)","Score":"1","At Least":"1","Source":"        write_all: cross r_w, addr{ignore_bins read = binsof (r_w.read);}"}
,{"expanded":false,"Exclusion Rule Type":"None","UNR":"none","title":"write;valid[24]","All Average Grd":"100%","All Cov":"1 / 1 (100%)","Score":"1","At Least":"1","Source":"        write_all: cross r_w, addr{ignore_bins read = binsof (r_w.read);}"}
,{"expanded":false,"Exclusion Rule Type":"None","UNR":"none","title":"write;valid[25]","All Average Grd":"100%","All Cov":"1 / 1 (100%)","Score":"1","At Least":"1","Source":"        write_all: cross r_w, addr{ignore_bins read = binsof (r_w.read);}"}
,{"expanded":false,"Exclusion Rule Type":"None","UNR":"none","title":"write;valid[26]","All Average Grd":"100%","All Cov":"1 / 1 (100%)","Score":"1","At Least":"1","Source":"        write_all: cross r_w, addr{ignore_bins read = binsof (r_w.read);}"}
,{"expanded":false,"Exclusion Rule Type":"None","UNR":"none","title":"write;valid[27]","All Average Grd":"100%","All Cov":"1 / 1 (100%)","Score":"1","At Least":"1","Source":"        write_all: cross r_w, addr{ignore_bins read = binsof (r_w.read);}"}
,{"expanded":false,"Exclusion Rule Type":"None","UNR":"none","title":"write;valid[28]","All Average Grd":"100%","All Cov":"1 / 1 (100%)","Score":"1","At Least":"1","Source":"        write_all: cross r_w, addr{ignore_bins read = binsof (r_w.read);}"}
,{"expanded":false,"Exclusion Rule Type":"None","UNR":"none","title":"write;valid[29]","All Average Grd":"100%","All Cov":"1 / 1 (100%)","Score":"1","At Least":"1","Source":"        write_all: cross r_w, addr{ignore_bins read = binsof (r_w.read);}"}
,{"expanded":false,"Exclusion Rule Type":"None","UNR":"none","title":"write;valid[30]","All Average Grd":"100%","All Cov":"1 / 1 (100%)","Score":"1","At Least":"1","Source":"        write_all: cross r_w, addr{ignore_bins read = binsof (r_w.read);}"}
,{"expanded":false,"Exclusion Rule Type":"None","UNR":"none","title":"write;valid[31]","All Average Grd":"100%","All Cov":"1 / 1 (100%)","Score":"1","At Least":"1","Source":"        write_all: cross r_w, addr{ignore_bins read = binsof (r_w.read);}"}
,{"expanded":false,"Exclusion Rule Type":"None","UNR":"none","title":"write;invalid","All Average Grd":"100%","All Cov":"1 / 1 (100%)","Score":"1","At Least":"1","Source":"        write_all: cross r_w, addr{ignore_bins read = binsof (r_w.read);}"}
],"columns":"r_w;addr"}
]}
]
}
